Word,Count
",",687
.,551
â€,315
ï¸,309
â™€,301
ğŸ¤¦,298
#,160
Ä‘i,84
trÆ°á»ng,63
xe,60
ksc,57
há»c sinh,51
há»c,49
â€,49
â€œ,48
nam,42
?,41
tá»‰nh,40
_,39
viá»‡t,39
1,37
2,36
...,34
lá»›p,32
y táº¿,31
Ä‘Æ°á»ng,30
covid19,28
cÃ¡ch ly,27
!,27
kiá»ƒm tra,26
báº¡c liÃªu,25
3,25
thuyá»n,24
/,24
dÃ¢n,23
dá»‹ch,23
hÃ ng,22
tráº§n,22
giao thÃ´ng,19
cre,19
tao,18
bá»‡nh viá»‡n,18
khu vá»±c,18
háº­u,18
xe mÃ¡y,18
ná»™i,18
tháº±ng,17
thÃ nh phá»‘,17
ban,17
hÃ ,17
hwanglong,16
welax,16
báº£o hiá»ƒm,16
giang,16
t,16
biá»ƒn,16
vui,15
ğŸ¤£,15
tháº£i,15
chá»‰ Ä‘áº¡o,15
tp,15
tháº§y,14
Ä‘h,14
phÃ²ng,14
ngÃ nh,14
',14
huyá»‡n,14
quÃ¢n,13
ubnd,13
chiu,12
welax_anh,12
khÃ­,12
phÆ°á»£ng,12
ngÃ£,12
trÃ¡ch nhiá»‡m,12
sÆ¡n,12
vá»‹ thanh,12
báº¿n xe,12
chá»‘ng,12
tp.hcm,12
tiá»ƒu há»c,12
Ä‘á»c,12
mÆ°a,12
kiáº¿m,11
tÄƒng cÆ°á»ng,11
thÃ´ng bÃ¡o,11
thÃ´ng tin,11
Ä‘á»©ng,11
cháº¡y,11
máº¥y,11
lá»±c lÆ°á»£ng,11
áº£nh,11
hÃ  ná»™i,11
tá»‘t nghiá»‡p,11
phá»¥ huynh,11
q,11
quÃªn,11
kiá»ƒm soÃ¡t,11
quáº£n lÃ½,11
tuyáº¿n,11
luáº­t,10
phÆ°Æ¡ng,10
cÃ´ng ty,10
cÃ´ng tÃ¡c,10
phÃ¡t hiá»‡n,10
xe khÃ¡ch,10
cÃ´ng an,10
tiáº¿p xÃºc,10
khu,10
cÃ¢u,10
hai,10
gá»‘c,10
triá»‡u,10
n,10
dá»± Ã¡n,10
Ä‘á»“ng,10
chá»§,10
Ä‘á»“i,9
phá»‘,9
tiá»n,9
thi,9
vi pháº¡m,9
h,9
phÃ¡t,9
giÃºp,9
tiáº¿n hÃ nh,9
bá»‡nh nhÃ¢n,9
khÃ¡nh,9
ğŸ¤§,9
chá»©c nÄƒng,9
trá»i,9
chuyáº¿n,9
xÃ£,9
há»‡ thá»‘ng,9
Ä‘áº§u,9
Ã½ thá»©c,9
Ä‘á»‹a phÆ°Æ¡ng,9
cáº¥p cá»©u,8
sinh viÃªn,8
Ä‘iá»‡n thoáº¡i,8
10,8
phÆ°á»ng,8
mua,8
Ä‘a khoa,8
ban Ä‘áº§u,8
thanh niÃªn,8
giÃ¡,8
má»‡t,8
gia Ä‘Ã¬nh,8
Ä‘Ãªm,8
quy Ä‘á»‹nh,8
chiá»u,8
tháº§y cÃ´,8
cháº¥t lÆ°á»£ng,8
nghá»‰,8
dáº¡y,8
Ä‘áº§u tÆ°,8
â¤,7
|,7
gÃ³c,7
quá»‘c gia,7
nhÃ  trÆ°á»ng,7
Ä‘Æ°á»ng bá»™,7
bá»‹ thÆ°Æ¡ng,7
cá»¥c,7
d,7
l,7
du lá»‹ch,7
quá»‘c táº¿,7
hoÃ n,7
ngÆ°á»i ta,7
phÆ°Æ¡ng tiá»‡n,7
tá»• chá»©c,7
camera,7
bÃ¡c sÄ©,7
trÆ°á»ng há»£p,7
phá»‘i há»£p,7
nháº­p cáº£nh,7
hiá»‡u trÆ°á»Ÿng,7
há»™i,7
chá»—,7
hÆ°á»›ng,7
tháº¯ng,7
Ä‘á»«ng,7
hoáº¡t Ä‘á»™ng,7
6,7
háº¡,7
lá»‹ch,7
sÃ´ng,7
mÃ´n,7
12,7
vÄƒn,7
giÃ¡o dá»¥c,7
sá»Ÿ,7
viáº¿t,7
p,7
doanh nghiá»‡p,7
hoa giáº¥y,7
4,7
tráº¯ng,7
trÃ ,7
tiáº¿ng,7
g,6
sÄƒn,6
mÃ¢y,6
trÃ  my,6
sÃ¡ng kiáº¿n,6
tráº»,6
sÃ¢n,6
â€”,6
báº­t,6
tham gia,6
cÆ¡ giá»›i,6
kiÃªn,6
mÃ¹a,6
nÆ°á»›c ngoÃ i,6
xe Ä‘áº¡p,6
tá»¥i,6
phÃ¡t triá»ƒn,6
Ä‘en,6
giÃ¡m sÃ¡t,6
sai,6
thÆ°á»ng xuyÃªn,6
tuyÃªn truyá»n,6
Ä‘á»‹a bÃ n,6
hÃ nh khÃ¡ch,6
cá»­a kháº©u,6
tÃ i xáº¿,6
kháº©n trÆ°Æ¡ng,6
di chuyá»ƒn,6
toÃ n,6
giÃ¡m Ä‘á»‘c,6
Ä‘á» nghá»‹,6
cá»™ng Ä‘á»“ng,6
rong,6
phÃ³,6
nhiá»…m,6
xÃ¡c minh,6
Ä‘iá»u trá»‹,6
gá»­i,6
thiáº¿t káº¿,6
5,6
bá»,6
ngÆ° dÃ¢n,6
giáº£i quyáº¿t,6
Ä‘Ã¡,6
hÃ²a bÃ¬nh,6
cÃ´ giÃ¡o,6
chá»§ nhiá»‡m,6
giÃ¡o viÃªn,6
chá»¯,6
Ä‘áº¹p,6
biáº¿n,6
xáº£y,6
Ä‘oáº¡n,6
chá»§ tá»‹ch,6
yÃªu,6
sa bÃ n,5
rÃ¡c,5
kenh14,5
Ä‘Ã ,5
ngá»§,5
nghÃ¨o,5
liá»n,5
tiáº¿c,5
Ä‘á»•,5
song,5
v,5
m,5
báº¯t buá»™c,5
anh em,5
phÃ²ng chá»‘ng,5
chÃ³,5
xe Ä‘iá»‡n,5
náº¯m,5
thanh xuÃ¢n,5
bÃ¡ch khoa,5
hÆ°ng,5
Ä‘Ã³n,5
Ä‘á»©a,5
chÃ­nh phá»§,5
cÆ¡ quan,5
nhiá»…m bá»‡nh,5
cáº§n thÆ¡,5
campuchia,5
dáº­y,5
láº¯m,5
báº¯t,5
hiá»‡n,5
trung tÃ¢m,5
xÃ©t nghiá»‡m,5
ngá»¥,5
sinh,5
hoÃ ng hoa,5
phÃºt,5
xÃ£ há»™i,5
chá»¥p,5
cá»•ng,5
tiáº¿p cáº­n,5
dá»«ng,5
cÆ¡m,5
an toÃ n,5
nghi,5
24,5
lÃª,5
xuÃ¢n liÃªn,5
náº¡n,5
via,5
há»“,5
cá»,5
cá»‘ng,5
trÃ¹m,5
xong,5
thá»i,5
cháº­m,5
chÆ°Æ¡ng trÃ¬nh,5
thÃ nh,5
suá»‘t,5
káº¿t quáº£,5
trá»“ng,5
giao,5
19,5
tr,5
á»™m,5
quá»‘c lá»™,5
16/5,5
thÆ°Æ¡ng,5
Ä‘áº¥y,5
nghiá»‡p,4
ko,4
haiz,4
cháº¿t,4
iáº­t,4
táº¡,4
Ä‘uá»•i,4
tÆ°á»£ng,4
cÃ´ng viÃªn,4
tÆ°,4
Ä‘áº£o,4
Ä‘á»‹a Ä‘iá»ƒm,4
ngáº­p,4
Ä‘á»™,4
giáº£i,4
nÃ ng,4
quá»¹,4
lá»±a chá»n,4
náºµng,4
chÃ¢u Ã¡thÃ¡i,4
bÃ¬nh dÆ°Æ¡ng,4
sáº£n pháº©m,4
Ä‘Ã´i,4
vÅ©,4
Ä‘am mÃª,4
Ã¡p dá»¥ng,4
khÃ´ng khÃ­,4
Ä‘á»‹nh ká»³,4
lá»™ trÃ¬nh,4
hiá»‡n trÆ°á»ng,4
cá»• thá»¥,4
láº¡ng,4
hÃ ng loáº¡t,4
dá»± tháº£o,4
tÃ i chÃ­nh,4
bá»“i thÆ°á»ng,4
dÃ¢n sá»±,4
tÃ¬nh hÃ¬nh,4
tráº£ lá»i,4
tháº¿ giá»›i,4
Ä‘inh,4
triá»‡t Ä‘á»ƒ,4
thá»‘ng nháº¥t,4
kia,4
thuáº­n lá»£i,4
s,4
bÃ i há»c,4
cuá»™c sá»‘ng,4
nam sinh,4
coi,4
xuáº¥t sáº¯c,4
Ä‘á»£t,4
Ä‘áº¡i há»c,4
Ä‘áº¡i dá»‹ch,4
báº£o vá»‡,4
káº¿ hoáº¡ch,4
ká»³,4
hÃ nh vi,4
trao Ä‘á»•i,4
quÃ¡n,4
nguy cÆ¡,4
bÃ¬nh minh,4
thÃ¡p,4
hÃ²a hiá»‡p,4
dá»‹ch tá»…,4
Ä‘á» xuáº¥t,4
ngá»c,4
máº«u,4
biá»‡n phÃ¡p,4
theo dÃµi,4
láº­p,4
khoa,4
xem xÃ©t,4
thiáº¿t,4
Ä‘,4
máº·c dÃ¹,4
cÃ´ng viá»‡c,4
vá»¥ viá»‡c,4
con gÃ¡i,4
xin lá»—i,4
lÃ m viá»‡c,4
máº¡ng,4
ly,4
facebook,4
pháº£n Ã¡nh,4
1a1,4
quang trung,4
chÃ¡u,4
giÃ nh,4
chá»¥c,4
nhanh chÃ³ng,4
phÃ©p,4
cá»‘ gáº¯ng,4
thÃ nh cÃ´ng,4
bÃ¡o,4
15,4
kinh nghiá»‡m,4
mÃ¡y,4
40,4
chÃ¬m,4
má»±c,4
rÃ ,4
tá»± hÃ o,4
tá»‘i,4
xÃ¢y dá»±ng,4
cÃ´ng nghá»‡,4
a,4
nháº­n Ä‘á»‹nh,4
mÃ´i trÆ°á»ng,4
tÃ´,4
nÆ°á»›c tháº£i,4
gá»i,4
mÃ´ hÃ¬nh,4
50,4
dá»… dÃ ng,4
Ä‘Ã´ng,4
nguyá»…n,4
quÃª,4
trá»Ÿ láº¡i,4
Ã´n táº­p,4
má»¥c tiÃªu,4
giáº£ng,4
30,4
tÃ¡c Ä‘á»™ng,4
dá»‹ch bá»‡nh,4
yáº¿u,4
vá»‹,4
to,4
thuÃª,4
liÃªn tá»¥c,4
plo,4
Ä‘em,4
updating,4
táº­p,4
thá»‹nh,4
tinder,3
*,3
ngÆ°á»i yÃªu,3
nÃ¨,3
chá»­i,3
Ä‘c,3
hiá»‡p,3
hÃ¬nh,3
hong,3
cÅ©,3
ngu,3
tÃ¬nh,3
ga,3
ná»•i,3
sá»‘ng,3
buÃ´ng,3
tung,3
báº£n Ä‘á»“,3
hÃ¨,3
y khoa,3
yumonang,3
Ä‘áº¡,3
sar,3
Ä‘á»‰nh,3
bá»›t,3
báº£ng,3
tranh thá»§,3
cao Ä‘áº³ng,3
piano,3
báº¯n,3
phÃ¡p ngá»¯,3
lÃ¢y nhiá»…m,3
robot,3
khÃ­ quáº£n,3
group,3
nhÃ¢n viÃªn,3
chá»,3
máº¯t,3
cháº·t,3
vnexpress,3
kiá»ƒm Ä‘á»‹nh,3
Ä‘Äƒng kiá»ƒm,3
sá»‘ lÆ°á»£ng,3
%,3
Ä‘áº¥t,3
thcs,3
báº¡ch Ä‘áº±ng,3
báº¯c giang,3
váº­t nuÃ´i,3
mÃ´tÃ´,3
xe gáº¯n mÃ¡y,3
sá»­a Ä‘á»•i,3
hoÃ n thiá»‡n,3
bá»™ trÆ°á»Ÿng,3
tiáº¿n dÅ©ng,3
hÃ nh chÃ­nh,3
Ä‘á»¡,3
ghi nháº­n,3
bá»‡nh,3
khÃ¡m,3
hcm,3
hÃ´m,3
14,3
háº¡n cháº¿,3
nháº­t,3
nhk,3
quyáº¿t liá»‡t,3
thá»§ tÆ°á»›ng,3
Ä‘Ã n Ã´ng,3
tuá»•i tráº»,3
Ä‘i láº¡i,3
lÆ°Æ¡ng,3
Ä‘Ã´ thá»‹,3
quanh,3
Ä‘á»‘i tÆ°á»£ng,3
Ä‘á»i,3
giá»i,3
vá»‘n,3
mÃ´n há»c,3
vai trÃ²,3
Ä‘Ã¡nh,3
Ä‘á»,3
chÃºng em,3
winner,3
mong muá»‘n,3
cá»¥,3
zing,3
cáº¡nh,3
sá»± cá»‘,3
Ä‘oÃ n,3
tai náº¡n,3
xá»­ pháº¡t,3
khanh,3
22/5,3
sá»©c khá»e,3
xÃ¡c Ä‘á»‹nh,3
phong tá»a,3
225,3
minh phÃ¡t,3
tiá»n giang,3
vÄ©nh long,3
triá»ƒn khai,3
phá»©c táº¡p,3
lÃ¢y lan,3
hÆ°á»›ng dáº«n,3
hÃ¬nh áº£nh,3
truy tÃ¬m,3
Ä‘iá»u tra,3
bÃ­ch,3
dÆ°Æ¡ng tÃ­nh,3
virus,3
dÃ¢n cÆ°,3
gÃ¡i,3
Ä‘Äƒng,3
gáº·p gá»¡,3
rÃºt,3
quyá»n,3
thá»‹,3
phÃª bÃ¬nh,3
náº±m,3
buá»“n,3
cáº£nh,3
nÃ³ng,3
láº¡nh,3
giÃ³,3
Ä‘Ã³ng,3
niá»m,3
táº§m,3
trá»Ÿ,3
trÃºng,3
vá»¥,3
dáº¯t,3
thÃ nh viÃªn,3
giÃºp Ä‘á»¡,3
nghá»,3
khÆ¡i,3
cá»©u,3
sÃ³ng,3
â€“,3
7,3
trá»¥c vá»›t,3
cÃ¡,3
cv,3
thÃ´n,3
chÃ ng,3
trai,3
lá»…,3
thÆ°á»£ng,3
lÄƒng,3
há»™,3
xanh,3
Ä‘á»©c,3
thoÃ¡t,3
pgs.ts,3
nhÃ  mÃ¡y,3
xáº£,3
dÃ²ng,3
Ä‘Ã¨o,3
cáº§u,3
va cháº¡m,3
mai,3
tuá»•i thÆ¡,3
cáº§m,3
Ä‘iá»‡n,3
bá»‘n,3
bÃ¬nh,3
Ã´n,3
kiáº¿n thá»©c,3
máº¹,3
ná»—i,3
há»c táº­p,3
Ä‘Ã¡nh váº§n,3
45,3
thÃ´ng,3
tháº¡o,3
phÃ©p tÃ­nh,3
hÃ nh Ä‘á»™ng,3
thu,3
pháº¡m,3
hÃ´m nay,3
thá»i tiáº¿t,3
náº¯ng,3
tá»‰,3
bay,3
mÃ u,3
tuáº§n,3
thá»‘ng kÃª,3
cÆ¡ quan chá»©c nÄƒng,3
tá»•ng,3
bÃ¡o cÃ¡o,3
bÃ¬nh Ä‘á»‹nh,3
tÃ¢y,3
Ä‘á»,3
kháº©u,2
chá»‹ch,2
gáº¡,2
Ä‘Ã n bÃ ,2
lÃ²ng dáº¡,2
má»‹,2
ğŸ§,2
nÄƒn,2
Ä‘Ã©n,2
â€™,2
[,2
],2
huhu,2
trÃ¢u,2
cháº¥t,2
suy nghÄ©,2
vnnhá»¯ng,2
cá»±c,2
trao,2
kiá»ƒu,2
Ä‘á»“,2
pha,2
\,2
táº¿t,2
záº­y,2
hÃ´ng,2
mÃ¬,2
tag,2
like,2
mn,2
bÃ¢y,2
báº£o,2
vl,2
~,2
à¸‡,2
hÃºp,2
Ä‘m,2
30/5/2020,2
grab,2
chÃ¬,2
khuáº¥t,2
gym,2
30kg,2
vÃ¡c,2
Ã©m,2
ch,2
áº¿t,2
cÆ°á»›c,2
ná»­a,2
taxi,2
linh,2
Ã¡o,2
vinfast,2
impes,2
ngá»¡ ngÃ ng,2
sÆ°Æ¡ng,2
tÃº,2
bao,2
lá»‹ch sá»­,2
Ã½ tÆ°á»Ÿng,2
vÃ²ng,2
dÃ¢n tá»™c,2
tiáº¿p thu,2
thá»±c hÃ nh,2
120,2
quáº§n Ä‘áº£o,2
Ä‘iá»ƒn,2
c,2
má»‘i má»t,2
khuÃ´n viÃªn,2
Ä‘a,2
hot,2
dáº¹p,2
tÆ°Æ¡ng lai,2
Ä‘á»™i,2
rÆ¡i,2
27/5,2
bÃ­ quyáº¿t,2
xá»‹n,2
sÃ¢u,2
xinh xáº¯n,2
girl,2
xinh,2
tÃ i,2
song song,2
há»c bá»•ng,2
siÃªu,2
ngoáº¡i giao,2
thÃ nh tÃ­ch,2
nghá»‡ thuáº­t,2
gáº¥p,2
sáº¯p xáº¿p,2
cÄƒng tháº³ng,2
há»£p lÃ½,2
viÃªn,2
phá»¥ ná»¯,2
tuyá»‡t vá»i,2
chÃ¢u Ã¡,2
79,2
á»©ng phÃ³,2
kiáº¿n trÃºc,2
phá»¥c vá»¥,2
váº­n chuyá»ƒn,2
há»™p,2
gáº­p,2
gá»n,2
du,2
sá»£,2
kÃ©m,2
ngÆ°á»i thÃ¢n,2
may,2
i,2
cÃ³ máº·t,2
chÃ¢n,2
xÆ°Æ¡ng sÆ°á»n,2
táº¡i chá»—,2
Ä‘Ã¨,2
v.ong,2
quyáº¿t Ä‘á»‹nh,2
nguyá»…n váº¡n phÃºc,2
giá»ng,2
cÃ¢y xanh,2
chÄƒm sÃ³c,2
náº¡,2
an sinh,2
náº¡n nhÃ¢n,2
ng,2
gá»£i Ã½,2
80,2
lÃ½ giáº£i,2
Ä‘áº·ng,2
sáº£n xuáº¥t,2
chá»©ng nháº­n,2
lÆ°u hÃ nh,2
thá»±c thi,2
cáº§n thiáº¿t,2
máº·c,2
bao gá»“m,2
28,2
6h15,2
gÃ ,2
dá»c,2
ngang,2
lÆ°u thÃ´ng,2
nghiÃªn cá»©u,2
Ä‘Æ°á»ng cao tá»‘c,2
dáº¡o chÆ¡i,2
gom,2
dÃ¢n sinh,2
rÃ o cháº¯n,2
atgt,2
hÆ°á»Ÿng,2
phÃ¹ng,2
nÃ¢ng,2
Ä‘á»‘i phÃ³,2
há»“ sÆ¡,2
biÃªn báº£n,2
há»p bÃ¡o,2
há»a tá»‘c,2
52020,2
thá»§ tá»¥c,2
quyá»n lá»£i,2
21,2
hÃ nh trÃ¬nh,2
chá»Ÿ,2
biÃªn giá»›i,2
Ä‘áº¥t nÆ°á»›c,2
thiá»‡t háº¡i,2
phá»¥,2
7h,2
khai bÃ¡o,2
áº¥p,2
vÄ©nh háº­u,2
ruá»™t,2
an giang,2
sá»‘ hiá»‡u,2
phá»ng váº¥n,2
kháº¯p,2
rá»™ng,2
ngÆ°á»i bá»‡nh,2
kinh táº¿,2
gia tÄƒng,2
21/5,2
vtv24,2
viÃªm,2
Ä‘Æ°á»ng hÃ´ háº¥p,2
324,2
ca,2
chÃ­nh phá»§ viá»‡t,2
xuÃ¢n phÃºc,2
giÃ¡o sÆ°,2
hasebe,2
trá»‘ng,2
â€¦,2
Ã¢m,2
phá»¥ cáº­n,2
áº¡n,2
tráº­t tá»±,2
Ã´ tÃ´,2
kinh doanh,2
cÃ¢n báº±ng,2
rá» mÃµm,2
gai,2
chat,2
báº¡n bÃ¨,2
lÃ½ thuyáº¿t,2
vá»¯ng,2
hoÃ ng,2
ká»· niá»‡m,2
vá»™i vÃ ng,2
tÃ¢n,2
ná»— lá»±c,2
tháº¯c máº¯c,2
truyá»n Ä‘áº¡t,2
chÃº trá»ng,2
hiá»‡u quáº£,2
nguyá»…n Ä‘Äƒng,2
1997,2
thá»i háº¡n,2
giáº£ng Ä‘Æ°á»ng,2
tá»¥ táº­p,2
tranh luáº­n,2
thÃºc Ä‘áº©y,2
mÃ´i trÆ°á»ng há»c táº­p,2
trÆ°á»£t,2
Ä‘á»“ng hÃ nh,2
anh hÃ¹ng,2
tháº§m láº·ng,2
camonchungta,2
mÃ  cÃ²n,2
trÃ´ng,2
nhiá»‡m vá»¥,2
ban hÃ nh,2
lÃ²ng Ä‘Æ°á»ng,2
diá»…n,2
trÃ¡i phÃ©p,2
nguá»™i,2
phÃ¢n luá»“ng,2
dá»¡,2
tá»‘i qua,2
trá»Ÿ vá»,2
tiáº¿p,2
cÃ¡i bÃ¨,2
thÃ´ng qua,2
truy,2
váº¿t,2
há»“ng,2
ngá»±,2
bks,2
72ld005,2
ráº¡ch,2
gÃ²i,2
sá»©c,2
ká»‹p thá»i,2
giáº£i phÃ¡p,2
thuá»‘c,2
hiá»‡n hÃ nh,2
24/5,2
covid19.theo,2
phun,2
khuyáº¿n cÃ¡o,2
danh sÃ¡ch,2
phÆ°Æ¡ng Ã¡n,2
lÃª hoÃ ng,2
sarscov2,2
cá»¥c bá»™,2
xÃ³m,2
huáº¿,2
kim Ä‘á»“ng,2
hiá»n,2
xáº¥u,2
bÃ¡n trÃº,2
lÃªn tiáº¿ng,2
ban giÃ¡m hiá»‡u,2
má»Ÿ cá»­a,2
xÃ¡c nháº­n,2
21.5,2
ngÃ´,2
trÆ°a,2
trá»±c,2
cá»©ng nháº¯c,2
Ä‘Ã o,2
cáº©m,2
nghiÃªm tÃºc,2
tÆ°á»Ÿng,2
cháº£,2
cá»­a,2
tá»± Ä‘á»™ng,2
9,2
16,2
thá»©c,2
báº¿n,2
vÆ°Æ¡n,2
xuÃ¢n,2
tÃ¬nh cáº£m,2
khoang,2
trá»‹ giÃ¡,2
trÃ n,2
chá»§ nhÃ¢n,2
may máº¯n,2
tÃ¬m kiáº¿m,2
kÃªu,2
hoÃ n cáº£nh,2
hoa,2
lÃ½,2
kÃ©o,2
hy vá»ng,2
xuyÃªn,2
20,2
tÄ©nh,2
lÃ¢m vÆ°á»£ng,2
Ä‘Ã¡nh báº¯t,2
má» neo,2
vÄƒn huy,2
Ä‘á»‹nh vá»‹,2
vÃ¹ng biá»ƒn,2
rá»™ng lá»›n,2
vÄƒn tháº¯ng,2
bÃ n giao,2
tÃ¹ng,2
thiÃªng liÃªng,2
nghi lá»…,2
viá»‡n,2
chÆ°a thá»ƒ,2
láº¯p Ä‘áº·t,2
hoÃ n thÃ nh,2
nghiÃªm trá»ng,2
tiá»n phong,2
18/5,2
á»‘ng,2
yÃªn xÃ¡,2
thu gom,2
kem,2
tinh tháº§n,2
100,2
gÃ²,2
váº¥p,2
diá»‡n,2
lo,2
vÄƒn báº£n,2
sÄ© sá»‘,2
lá»£i tháº¿,2
pv,2
trÆ°á»Ÿng,2
kÃ¨m,2
dá»± kiáº¿n,2
gdÄ‘t,2
tuá»‘t,2
ká»¹,2
lÃª Ä‘á»©c,2
thá»,2
ká»¹ nÄƒng,2
khá»‘i,2
online,2
toÃ¡n,2
giá»t,2
lan,2
báº¯c káº¡n,2
há»“i,2
nhÃ  nÆ°á»›c,2
nghiÃªm,2
sÆ¡ bá»™,2
17,2
tÃ i sáº£n,2
km,2
cÃ´ng nhÃ¢n,2
má»¹ quan,2
quy nhÆ¡n,2
nhá»•,2
post,2
tá»‘c Ä‘á»™,2
ship,2
ntn,2
mÃ¨o,1
ğŸ¤·,1
ngoa_lovetráº£i,1
nghiá»‡m,1
yÃªu ngÆ°á»i,1
cÃ´ng thá»©c,1
rÃ¡n,1
chuáº©n,1
kfc,1
ngá»«i,1
y,1
ma,1
Ä‘á»“n,1
cÆ°tÃ´i,1
status,1
báº­y,1
thá»§ pháº¡m,1
Ä‘á»—,1
khá»‰,1
ì‚¬ë‘í•´,1
ì¶”ê¹Œ,1
ë¨¸,1
mÃ¡t giá»i,1
háº­n,1
cÃ´ng báº±ng,1
hÃ´m qua,1
chÃ¬nh,1
chÃ¬nhhhhhhh,1
ğŸ¥°,1
thÆ°á»£ng Ä‘áº¿,1
lozvia,1
má»‘c,1
tá»± dÆ°ng,1
ny,1
pháº­n,1
lÃ m trai,1
í•œë‹¨ì˜¹,1
mÆ°á»›n,1
sáº©y,1
nÃ¹,1
gÃº,1
ngoÃ¡,1
bá»“,1
be,1
hÃ³ng,1
dzá»£,1
má»›i láº¡,1
cháº¥n,1
tÃ¢m lÃ½,1
chai,1
pin,1
sáº­p,1
real,1
love,1
dá»›p,1
dá»Ÿ hÆ¡i,1
cuá»™c Ä‘á»i,1
u Ã¡m,1
hÃ©o,1
ciu,1
giÃ£y,1
Ä‘á»“ng2,1
Ä‘á»›n Ä‘au,1
tu,1
kinh táº¿ phá»¥c há»“i,1
kho,1
nhÃ¢n cÃ¡ch,1
báº¯c,1
Ã¡o phao,1
quÃ ng,1
khÄƒn,1
len,1
cáº©n tháº­n,1
á»‘m,1
trend,1
nháº¯n tin,1
vailonnnnn,1
Æ¡iiiiiiiiiii,1
lÃ£ng máº¡n,1
cáº©n trá»ng,1
nhavideo,1
ì¥ì‚ì­ˆ,1
hotttt,1
na,1
ná»,1
gáº¯p,1
thÃº,1
Ä‘á»‘,1
nowfood,1
shopee,1
1Ä‘,1
freeship,1
dramu,1
ná»­a Ä‘Ãªm,1
thÃ¨m,1
bÃºn,1
dá»c mÃ¹ng,1
no,1
onechá»‹,1
mÃ´ phá»ng,1
chuá»‘i,1
trÃ¢n trá»ng,1
náº¥u Äƒn,1
nhÆ°á»ng nhá»‹n,1
cao su,1
cáº£m giÃ¡c,1
á»ŸnhÃ tÃ³cváº«nngáº§u,1
á»ŸnhÃ tÃ³cváº«nÄ‘áº¹p,1
clearmen3trong1,1
táº¯mgá»™idÆ°á»¡ng,1
e,1
o,1
â˜¹,1
yÃªu thÆ°Æ¡ng,1
giáº£n dá»‹,1
grá»«uuuuuáº£nh,1
thuá»·,1
xÃ¬nhhh,1
xÃ¬nh,1
Ã­,1
goáº·t,1
Ä‘Ã¹,1
on,1
air,1
chi,1
pu,1
greatest,1
show,1
1Ã¡nh,1
trÄƒng,1
nÃ³i há»™,1
thá»±c,1
sá»±áº£nh,1
xin phÃ©p,1
Ä‘Ã ng hoÃ ng,1
nha,1
giá»¡n,1
tiáº¿t,1
niÃªm phong,1
nhÃ¨o,1
iq,1
tá»± tin,1
kÄ© nÄƒng,1
tÃ¢m bá»‡nh,1
Ä‘á»• Ä‘áº§y,1
lÆ°á»ng,1
há»p,1
ae,1
ngoan ngoÃ£n,1
say,1
thÃ¹ng,1
chÃ¡n,1
dáº¡o,1
giÃ¡p,1
1001,1
lÃ¢m tráº­n,1
sÆ°á»›ng,1
kÃ­ch thÆ°á»›c,1
mÆ°á»£t,1
má»ng,1
nguyÃªn,1
team,1
tÃ¢m sá»±,1
cá»©ng,1
Ã´m,1
vá»«a váº·n,1
máº·n ná»“ng,1
https,1
bit.ly/durexvn,1
bÃ n,1
nÄƒm ngoÃ¡i,1
quÃ ,1
táº·ng,1
dÃ¢u,1
áº¡ch,1
cun,1
dá»‘i,1
nhÃ¡,1
Æ°á»›c,1
táº©y,1
xÃ³a,1
sai láº§m,1
vÄ© nhÃ¢n,1
tháº¿ há»‡,1
nÃ³i dá»‘i,1
kinh Ä‘iá»ƒn,1
hÆ¡i,1
Ä‘áº¥yyy,1
bro,1
ngÃ¡o,1
ngÆ¡,1
cÆ¡ @,1
@,1
Ã´i,1
ngá»™ nghÄ©nh,1
dá»¯ dá»™i,1
tÃ¢m trÃ­,1
rá»‘i bá»i,1
xáº¡ol,1
hog,1
fanny,1
tÃ¡n thÆ°á»Ÿng,1
vngÃ¡i,1
khoe,1
gaming,1
viruss,1
thÃ¡n phá»¥c,1
ráº§m rá»™,1
hai mÆ°Æ¡i,1
cháº³ng,1
non,1
lÆ°á»£t,1
khÃ´i phá»¥c,1
liÃªn minh,1
má»³,1
ngoáº¡i ngá»¯,1
tramy,1
nguyen,1
vncÆ°,1
bÃ­ máº­t,1
nghá» nghiá»‡p,1
rá»•,1
cá»±c kÃ¬,1
thÃº vá»‹,1
30p,1
ná»‘i,1
tui,1
lá»“ng lá»™n,1
tháº©m,1
solo,1
hÃ¨n,1
máº·t trá»i,1
quáº§n,1
quÃ¨,1
bÃ¢y ko,1
xá»©ng,1
cÃ¡m Æ¡n,1
Ä‘á»‰a,1
zui,1
nÃ³i chuyá»‡n,1
chiÃªu,1
lÃ m giÃ u,1
watsonsvn,1
watsons1000dong,1
má»Ÿ hÃ ng,1
loz,1
giÃ ,1
tuá»™i,1
xuáº¥t viá»‡n,1
sÃ¢u rÄƒng,1
giáº£i cá»©u,1
nhÃ³c,1
giÃ u,1
há»©,1
yeee,1
nhÃ  cá»­a,1
mua sáº¯m,1
Ä‘á»“ Ä‘áº¡c,1
emchaotet,1
coopmart,1
háº¿t há»“n,1
aiii,1
tÃ­ch Ä‘á»©c,1
thá»,1
accbh,1
ccbq,1
tet2020,1
mirinda,1
idol,1
elsaspeak,1
trá»£thá»§Ä‘áº¯clá»±c,1
nÃ³itiáº¿nganhbá»›tcá»±c,1
im,1
Ã¡k,1
Ä‘Ã²n,1
nguyá»‡n,1
thÃ nh tÃ¢m,1
bÃ­,1
kÃ­p,1
iu,1
báº£o hÃ nh,1
trá»n,1
troisinhmotcap,1
bikipbennhau,1
tá»™t Ä‘á»‰nh,1
giáº­n dá»—i,1
mÃ y,1
lol,1
pocavietnam,1
á»‰a,1
báº£o kÃª,1
lá»±a,1
xiÃªn,1
vivoy19,1
giÃ¡ghibÃ n,1
saletunglÆ°á»›i,1
cá»±c ká»³,1
thuyáº¿t phá»¥c,1
sá»•,1
tÃ­ch,1
r,1
hnay,1
thÃ´ng minh,1
up,1
10p,1
xoÃ¡,1
ráº¯n,1
balo,1
á»§ng há»™,1
Ä‘á»™ng váº­t,1
liÃªm sá»‰,1
nguy hiá»ƒm,1
Ä‘iá»ƒm danh,1
gÃ³p,1
kÃ©,1
Ä‘á»‹a chá»‰,1
qq,1
ghÃª,1
bÃ¬nh thÆ°á»ng,1
lÆ°á»i,1
Ä‘u,1
cimbvietnam,1
octobycimb,1
nganhangso,1
octoapp,1
spendaccount,1
Ä‘i Ä‘i,1
bÃ i táº­p,1
ná»™p,1
nhÃ¢n,1
tri Ã¢n,1
ğŸ¤—,1
congnghevicongdong,1
camonanhnguoibandonghanh,1
thangtaixecongnghegrab,1
som,1
da,1
buc,1
boi,1
nguoi,1
sung sÆ°á»›ng,1
lá»i thá»,1
acecook,1
haohao,1
anhaohaodaodaomaldives,1
cá»• tÃ­ch,1
káº¿t,1
tráº£ giÃ¡,1
yoshh,1
tháº§n tÆ°á»£ng,1
Ì€,1
Ì,1
hihi,1
nÃ³i tháº³ng,1
cmn,1
nhanhÃ ,1
pieu,1
khai trÆ°Æ¡ng,1
yaaay,1
hÆ¡m,1
ghÃ©,1
táº¡m,1
thÆ° giÃ£n,1
tÃ­,1
tiÃªn Ä‘oÃ¡n,1
chÃ¢n tay,1
cháº¯p,1
vÃ¡i,1
lia lá»‹a,1
diÃªm,1
vÄ©nh tuy,1
aeon,1
chiáº¿u,1
Ä‘áº¯p,1
sá»©,1
Ä‘áº¥u,1
bá»“nupdating,1
cá»• ngá»¯,1
nÄƒng lá»±c,1
trÃ­ tuá»‡,1
giáº£i thoÃ¡t,1
tiÃªu diÃªu,1
nuÃ´i dÆ°á»¡ng,1
káº» thÃ¹,1
Ä‘Ã¡nh tháº¯ng,1
ksÄ‘p,1
said,1
Ä‘á»n Ä‘Ã¡p,1
tÃ¢m tráº¡ng,1
phÆ¡i phá»›i,1
tÃ u Ä‘iá»‡n ngáº§m,1
háº»m,1
váº¯ng,1
mÃ³c,1
xÃ i,1
Ã¡p,1
sÃ¡t,1
phÃ³ng,1
bÃ©,1
Æ°á»›p,1
ngÃ¡n ngáº©m,1
sá»£ hÃ£i,1
ba chÃ¢n,1
cáº³ng,1
cong,1
mÃ´ng,1
lÃ²ng vÃ²ng,1
tháº¥m,1
máº¥t hÃºt,1
moáº¹,1
lÆ°Æ¡n,1
thá»Ÿ,1
tuyá»‡t vá»ng,1
vÃ´ bá» báº¿n,1
lÃ² dÃ²,1
Ä‘uá»‘i,1
vá»›,1
cá»c,1
iáº«y,1
quen biáº¿t,1
áº¹o,1
Äƒng,1
tÃ³e,1
Ä‘au thÆ°Æ¡ng,1
bÃ¡m,1
váº¹o,1
cá»™t sá»‘ng,1
dÃ¹ng dáº±ng,1
lÃ¡i,1
xÃ ,1
la,1
toÃ¡ng,1
hÃ©p,1
mi,1
hÃ©t,1
áº§m,1
mÃ©o,1
nhá»™t,1
tÃ³e khÃ³i,1
Ã¡nh,1
Ä‘á»“ng bá»n,1
sáº¥p máº·t,1
leu,1
tá»‹ch thu,1
láº«n,1
chÃ i,1
ngÆ°á»£c láº¡i,1
chá»•ng,1
phao cÃ¢u,1
phi,1
ngÃ³t nghÃ©t,1
1000,1
usd,1
thay,1
ps,1
tang váº­t,1
vá»¥ Ã¡n,1
london,1
share,1
hoan,1
ngo,1
ná»™ichÆ°a,1
Ä‘á»£i,1
Ä‘áº¡i ca,1
cÆ¡ há»c,1
trÃ khÃ´ng,1
xuÃ¢nta,1
thá»­,1
uá»•ng phÃ­,1
tiktok,1
video,1
phieucungxechat,1
14tr9,1
100tr,1
tiá»n máº·t,1
tháº»,1
vinid,1
200k,1
sá»¯a,1
xemaydien,1
ludo,1
klaras,1
makeup,1
quen thuá»™c,1
60,1
Ä‘á»™t ngá»™t,1
phá»§,1
lá»›p sÆ¡n,1
sáº·c sá»¡,1
tÃ¹y,1
trang Ä‘iá»ƒm,1
Ä‘áº­m,1
tháº¿ nÃ y,1
náº¯ng má»›i,1
phai,1
Ã½ kiáº¿n,1
pháº£n á»©ng,1
26/5,1
xuÃ¢n lÃ¢m,1
tá»•ng giÃ¡m Ä‘á»‘c,1
tnhh,1
hoÃ n táº¥t,1
page,1
hÃ¬nh dÃ¡ng,1
am hiá»ƒu,1
lÃª huy phÆ°Æ¡ng,1
xÃ¢y,1
phá»• thÃ´ng,1
trÃ  táº­p,1
chá»§ yáº¿u,1
con em,1
Ä‘á»“ng bÃ o,1
dÃ¢n tá»™c thiá»ƒu sá»‘,1
cháº¥p hÃ nh,1
sÃ¡ch vá»Ÿ,1
kinh phÃ­,1
huy Ä‘á»™ng,1
xi mÄƒng,1
gáº¡ch,1
cÃ¡t,1
tÃ­n hiá»‡u,1
Ä‘Ã¨n,1
xuyáº¿n,1
má»™t chiá»u,1
sÆ°u táº§m,1
soáº¡n,1
giÃ¡o Ã¡n,1
tuÃ¢n thá»§,1
khiá»ƒn trÃ¡ch,1
nháº¯c nhá»Ÿ,1
noi,1
chá»§ Ä‘á»,1
miá»n,1
nÃºi,1
m2,1
trÆ°á»ng sa,1
sa,1
mong,1
trá»±c quan,1
chá»§ quyá»n,1
tá»± tÃ´n,1
hÃ¬nh dung,1
náº¯m báº¯t,1
báº£n váº½,1
mÃ¡y tÃ­nh,1
háº¡ng má»¥c,1
Ä‘á»“ng báº±ng,1
xÃ£ há»™i hÃ³a,1
giáº£i lao,1
giá»›i thiá»‡u,1
Ä‘áº¥t liá»n,1
hÃ¬nh thá»©c,1
Ä‘á»‹a lÃ½,1
tÃ¬nh yÃªu,1
quÃª hÆ°Æ¡ng,1
biá»ƒu tÆ°á»£ng,1
gá»¥c,1
28/5,1
niÃª,1
kÄ‘Äƒm,1
phÃ³ hiá»‡u trÆ°á»Ÿng,1
cÃ´ng nghá»‡ tÃ¢y nguyÃªn,1
buÃ´n ma thuá»™t,1
Ä‘áº¯k,1
láº¯k,1
Ä‘Æ°á»ng kÃ­nh,1
tÃ¡n,1
á»¥c,1
ruá»—ng,1
hÆ° há»ng,1
rá»…,1
hiá»‡u phÃ³,1
cÃ¡n bá»™,1
dáº¥u hiá»‡u,1
Æ°a,1
nld,1
ná»•i tiáº¿ng,1
cáº§u Ä‘áº¥t,1
phÃº,1
trá»Ÿ nÃªn,1
quÃ¡ táº£i,1
nhiáº¿p áº£nh gia,1
lÃ½ thÃº,1
tuyá»‡t,1
tÃ­t,1
24/5/2020,1
chÃ­nh thá»©c,1
xanh tÆ°Æ¡i,1
dáº«m,1
nÃ¡t,1
cáº¯m tráº¡i,1
thu dá»n,1
rÃ o,1
du khÃ¡ch,1
chá»©ng kiáº¿n,1
láº¯c Ä‘áº§u,1
ngao ngÃ¡n,1
náº¹t,1
bÃ´,1
inh á»i,1
"4,5",1
phÆ°á»£t,1
thá»§,1
thá»­ há»i,1
bÃ¬nh yÃªn,1
Ä‘áº·t chÃ¢n,1
Ä‘Ã nh,1
Ã½ nghÄ©,1
láº¡t,1
ven,1
tráº­n,1
275,1
lÃ¢n cáº­n,1
hÃ³c,1
nguyá»…n vÄƒn,1
nÃ¢ng cáº¥p,1
tiÃªu,1
giao lá»™,1
Ä‘Æ°á»ng quan,1
trung,1
Ä‘Æ°á»ng trÆ°á»ng chinh,1
kÃ©o dÃ i,1
khÄƒntheo,1
lao Ä‘á»™ng,1
dÃ¢n tÃ¬nh,1
sá»Ÿ há»¯u,1
910,1
láº»,1
Ä‘áº§u báº£ng,1
truyá»n thuyáº¿t,1
quan há»‡,1
há»c viá»‡n,1
xÃ²,1
trung há»c,1
lá»t,1
top,1
thá»§ lÄ©nh,1
vÃ ng,1
liÃªn hoan,1
Ã¢m nháº¡c,1
thÃ¡i bÃ¬nh dÆ°Æ¡ng,1
tan,1
cháº­t váº­t,1
trÃ¹ng,1
bÃ i vá»Ÿ,1
dá»“n,1
á»©,1
khÃ´ng thá»ƒ nÃ o,1
vÃ´ cÃ¹ng,1
ká»‹p,1
dáº§n,1
quen,1
thÃ´ng cáº£m,1
giÃ£n,1
rÃ¨n,1
chá»‹u Ä‘á»±ng,1
Ã¡p lá»±c há»c,1
chÄƒm chá»‰,1
ngÆ°á»i thÆ°á»ng,1
vÃ­ dá»¥,1
stress,1
há»c hÃ nh,1
piano.theo,1
2000,1
tÃ i trá»£,1
euro,1
cho phÃ©p,1
phÃ²ng thÃ­ nghiá»‡m,1
kit,1
ráº»,1
chÃ­nh xÃ¡c,1
protein,1
tÃ¡i,1
tá»• há»£p,1
lÄ©nh vá»±c,1
cÃ´ng nghá»‡ sinh há»c,1
báº¡ch mai,1
phÃ¡t minh,1
cÃ¡ng,1
Ã¡p lá»±c,1
thiáº¿t bá»‹,1
chÃ©o,1
bkanticovid,1
thá»©c Äƒn,1
Ä‘á»“ dÃ¹ng,1
thuá»‘c men,1
sÃ¡ng cháº¿,1
giáº£ng viÃªn,1
cÆ¡ khÃ­,1
Ä‘Æ¡n,1
Ä‘áº·t hÃ ng,1
sáº£nnhi,1
foldable,1
aerosol,1
box,1
ngÄƒn cháº·n,1
dung,1
rá»§i ro,1
thuáº­n tiá»‡n,1
vÃ¹ng sÃ¢u vÃ¹ng xa,1
thá»­ nghiá»‡m,1
pháº£n há»“i,1
tÃ­ch cá»±c,1
quy mÃ´,1
Ä‘Ã³ng gÃ³p,1
máº·t,1
ngáº¯n,1
cá»™ng,1
Æ°u tiÃªn,1
ouidad,1
tebbaa,1
tá»•ng cá»™ng,1
92,1
61,1
sÃ¡ng táº¡o,1
8,1
thÃ¡ch thá»©c,1
toÃ n cáº§u,1
2.000,1
khuÃ´n khá»•,1
trá»«,1
kháº¯c,1
cÃ¹ng khá»•,1
ná»™iáº£nh,1
offb,1
trá»‘n trÃ¡nh,1
Ä‘Ã¹n Ä‘áº©y,1
day dá»©t,1
18,1
1996,1
tá»‰a cÃ nh,1
bÃ³n,1
phÃ¢n,1
phÃºc,1
ta,1
lÃªn lá»›p,1
nguyá»…n trung kiÃªn,1
nÃ³ng lÃ²ng,1
nguyÃªn táº¯c,1
tá»‰nh tÃ¡o,1
uá»‘ng,1
há»i thÄƒm,1
náº±m xuá»‘ng,1
mÃª man,1
hÃ´ háº¥p,1
nhÃ¢n táº¡o,1
v.onggia Ä‘Ã¬nh,1
cáº­n,1
sÃ¢y sÃ¡t,1
nháº¹,1
kÃª,1
bá» ngoÃ i,1
tÆ°Æ¡i tá»‘t,1
lÃ¡,1
ná»Ÿ rá»™,1
hiá»‡u,1
trÆ°á»Ÿnghiá»‡n,1
Ä‘á»‘n,1
Ä‘á» phÃ²ng,1
nguyá»…n duy long,1
115,1
ngÆ°,1
th,1
váº¿,1
thÆ°Æ¡,1
khá»e máº¡nh,1
trong lÃ nh,1
lo láº¯ng,1
nguyá»…n vÄƒn tháº¡ch,1
vá»¥ trÆ°á»Ÿng,1
váº­n táº£i,1
Ä‘á» Ã¡n,1
ná»™i dung,1
nÃªu,1
tháº¡ch,1
quen viá»‡c,1
cháº¿ tÃ i,1
toÃ n quá»‘c,1
"5,7",1
"8,1",1
chiáº¿m,1
95,1
90,1
co,1
hc,1
nox,1
tá»•ng lÆ°á»£ng,1
phÃ³ phÃ²ng,1
xe cÆ¡ giá»›i,1
nháº­p kháº©u,1
ngÆ°á»i dÃ¢n,1
báº£o dÆ°á»¡ng,1
xuá»‘ng cáº¥p,1
áº£nh hÆ°á»Ÿng,1
23,1
tiÃªu chuáº©n,1
kháº¯c phá»¥c,1
giáº¥y,1
chu ká»³,1
cÅ© nÃ¡t,1
tuá»•i thá»,1
175cc,1
tuá»•i Ä‘á»i,1
1520,1
lÃ m quen,1
Ã¡o mÆ°a,1
nguyá»…n há»“ng,1
Ä‘á»™t nhiÃªn,1
Ä‘iá»u Ä‘á»™ng,1
62,1
68,1
thÆ°Æ¡ngtheo,1
cao tá»‘c,1
giáº­t mÃ¬nh,1
muá»™n,1
mÃ¢y mÃ¹,1
tá»± do,1
cháº¡y nháº£y,1
chi lÄƒng,1
nguyÃªn nhÃ¢n,1
Ä‘á»“ng bá»™,1
káº¿t ná»‘i,1
thÆ°a,1
hÃ ng rÃ o,1
máº·t Ä‘áº¥t,1
cm,1
chui,1
xÃ¢m nháº­p,1
cp,1
bot,1
lÃ£nh Ä‘áº¡o,1
bá»‘ trÃ­,1
duyá»‡t,1
tÆ° váº¥n,1
Ä‘iá»u chá»‰nh,1
báº£o Ä‘áº£m,1
255,1
chÃ­nh sÃ¡ch,1
349,1
tbbtc,1
nghá»‹ Ä‘á»‹nh,1
thay tháº¿ nghá»‹ Ä‘á»‹nh,1
103,1
2008,1
nÄ‘cp,1
trÃ¬nh,1
Ä‘Æ¡n giáº£n hÃ³a,1
chi tráº£,1
kiá»ƒm,1
trá»¥c lá»£i,1
thÃ nh láº­p,1
chuyÃªn Ä‘á»,1
thá»i ká»³,1
20182019,1
thá»‹ pháº§n lá»›n,1
rÃ  soÃ¡t,1
phÃ¡p luáº­t,1
Ä‘áº©y máº¡nh,1
loáº¡i hÃ¬nh,1
pháº£n áº£nh,1
báº¥t cáº­p,1
cáº£nh sÃ¡t,1
xuáº¥t phÃ¡t,1
quy trÃ¬nh,1
rÆ°á»m rÃ ,1
náº£n chÃ­,1
chÃ­nh Ä‘Ã¡ng,1
cá»¥c trÆ°á»Ÿng,1
thá»«a nháº­n,1
chÃºt,1
bÃ¹i quá»‘c,1
10h30,1
23/5,1
nhÃ  á»Ÿ,1
13,1
14h,1
xe Ã´m,1
chÃ¢u Ä‘á»‘c,1
an,1
giang.sau,1
3h40,1
thÄƒm,1
bá»‡nh lÃ½,1
báº¥t thÆ°á»ng,1
2h,1
48,1
gá»«a,1
em trai,1
hoÃ  bÃ¬nh,1
tiá»n sá»­,1
huyáº¿t Ã¡p,1
tim máº¡ch,1
gan,1
máº­t,1
d.trung,1
tÃ¢m,1
hÃ³a cháº¥t,1
315,1
Ä‘Æ°á»ng mÃ²n,1
tÃ¢y ninh,1
dáº¥y,1
nam.theo,1
lÆ°á»›t,1
Ä‘áº·c sáº£n,1
chÃ­,1
nghÄ©a,1
Ä‘á»“ng chÃ­,1
bÆ¡i,1
dÃ¡m,1
vin,1
báº£n tin,1
thá»i sá»±,1
Ä‘Ã i truyá»n hÃ¬nh,1
khen ngá»£i,1
nam.nhk,1
bá»‘i cáº£nh,1
tá»­ vong,1
lÆ°u trÃº,1
trung quá»‘c,1
kiá»ƒm dá»‹ch,1
con sá»‘,1
ngá»«ng,1
Ä‘Ã i,1
bÃ¡o chÃ­,1
nháº¥n máº¡nh,1
cháº¥p nháº­n,1
hy sinh lá»£i Ã­ch,1
trÆ°á»›c máº¯t,1
tÃ­nh máº¡ng,1
tiá»n Ä‘á»,1
nhÃ  Ä‘áº§u tÆ°,1
cam káº¿t,1
táº¡o dá»±ng,1
futoshi,1
y há»c,1
nhiá»‡t Ä‘á»›i,1
nagasaki,1
bÃ¹ng phÃ¡t,1
kiá»m cháº¿,1
phÃ¢n tÃ­ch,1
yáº¿u tá»‘,1
chá»§ chá»‘t,1
sars,1
chuyÃªn gia,1
cáº£nh giÃ¡c,1
chá»‹ em,1
ná»“ng nhiá»‡t,1
phai má»,1
3h,1
hoÃ i,1
huá»³nh,1
tuáº¥n,1
long,1
khÃ´ng gian,1
15/5,1
v.ong.sau,1
t.ai,1
nghiÃªm cáº¥m,1
thÃ¡i tá»•,1
bÃ£i,1
khÃ´ng phÃ©p,1
can,1
ngÃµ,1
hÃ nh,1
dáº§u,1
trÃ ng tiá»n,1
báº¡c,1
lÃª thÃ¡i tá»•,1
khay,1
Ä‘Æ°á»ng Ä‘Ã´i,1
tiÃªn hoÃ ng,1
chá»§ Ä‘á»™ng,1
biá»ƒu diá»…n,1
tá»± phÃ¡t,1
dÃ¢n trÃ­,1
mÆ°a giÃ³,1
lÄ©nh,1
ná»™ip,1
bonus,1
khÃ¡ccre,1
23/5/2020,1
thÃ¢n,1
phan há»“ng,1
ninh bÃ¬nh,1
1995,1
thanh hÃ³a,1
Ä‘iá»ƒm sá»‘,1
3.85,1
4.0,1
theo Ä‘uá»•i,1
chuyÃªn ngÃ nh,1
tá»± Ä‘á»™ng hÃ³a,1
cÃ´ng nghiá»‡p,1
tráº§m,1
sÃ´i ná»•i,1
dung hÃ²a,1
káº¿t thÃ¢n,1
chiáº¿n lÆ°á»£c,1
phÆ°Æ¡ng phÃ¡p há»c táº­p,1
káº¿t náº¡p,1
duy trÃ¬,1
trÃ¬nh bÃ y,1
thi cá»­,1
giáº£i Ä‘Ã¡p,1
Ä‘Äƒng kÃ½,1
tiá»‡n,1
leader,1
dáº«n dáº¯t,1
váº¡ch,1
phÃ¢n chia,1
Ä‘á» cÆ°Æ¡ng,1
Ä‘Ã´n Ä‘á»‘c,1
luyá»‡n,1
quy táº¯c,1
giáº¥u,1
dá»‘t,1
tháº³ng tháº¯n,1
chá»¯ng,1
bÃµ cÃ´ng,1
náº£y lá»­a,1
gá»i lÃ ,1
siÃªu nhÃ¢n,1
háº¿t mÃ¬nh,1
má»t sÃ¡ch,1
báº¥t cháº¥p,1
lÆ°u giá»¯,1
hi vá»ng,1
máº£ng,1
vá»¯ng vÃ ng,1
chuyÃªn mÃ´n,1
táº­p há»£p,1
khá»‘i Ã³c,1
ká»³ vá»ng,1
Ä‘á»“ng nghiá»‡p,1
sÃ¡t cÃ¡nh,1
phÃ¡t biá»ƒu,1
2020,1
20191,1
1.800,1
ká»¹ sÆ°,1
cá»­ nhÃ¢n,1
minh,1
nháº¯n nhá»§,1
thiáº¿t thá»±c,1
há»c trÃ²,1
tÃ¢m niá»‡m,1
mÃ£i,1
cÃ¢u ná»‡,1
há»c há»i,1
26,1
224,1
1.006,1
vietnamnet,1
thoáº£ mÃ£n,1
chinh phá»¥c,1
má»™t mÃ¬nh,1
ngáº§u,1
hiáº¿m,1
nguyá»…n thÃ¹y,1
197,1
Ä‘iá»u khiá»ƒn,1
bá»• sung,1
cáº£i tiáº¿n,1
cao Ä‘iá»ƒm,1
Ã´tÃ´,1
Ä‘Ã¨n Ä‘á»,1
lÃ n,1
láº¥n chiáº¿m,1
vá»‰a hÃ¨,1
á»©ng dá»¥ng,1
táº¯c ngháº½n,1
trá»¥c,1
hÆ°á»›ng tÃ¢m,1
thÃ´ng suá»‘t,1
trÆ°Æ¡ng,1
háº­u giang,1
Ã¢m tÃ­nh,1
sarscov2.sau,1
cáº­p nháº­t,1
Ä‘áº¡i diá»‡n,1
xe Ä‘Ã²,1
thá»‹ xÃ£,1
chÃ¢u thÃ nh a,1
nlÄ‘,1
tuá»•i Ä‘áº§u,1
chá»“ng,1
Ä‘áº»,1
rau,1
vu,1
tuan,1
215,1
vÄƒn tÃ¢n,1
gtvt,1
giÆ°á»ng,1
"3,5",1
ngÃ y mai,1
lÃª hoÃ ng vinh,1
kiáº¿n nghá»‹,1
sÃ¡t khuáº©n,1
vinh,1
1988,1
khÃ³m,1
1970,1
19/5,1
cung cáº¥p,1
tung tÃ­ch,1
thiáº¿t sinh,1
1987,1
quÃª quÃ¡n,1
háº£i dÆ°Æ¡ng,1
thuá»‘c lÃ¡,1
yáº¿n,1
2011,1
danh tÃ­nh,1
tÃ¬nh huá»‘ng,1
cáº¥p bÃ¡ch,1
baomoi,1
lan truyá»n thÃ´ng tin,1
váº¡n má»¹,1
háº£i phÃ²ng,1
19.5,1
uá»•i,1
bá»¥c,1
zalo,1
lá»—i,1
lan truyá»n,1
thá»ƒ hiá»‡n,1
báº¥t bÃ¬nh,1
hÃ nh xá»­,1
dÆ° luáº­n,1
pháº£n,1
say náº¯ng,1
gá»¡,1
liÃªn há»‡,1
sá»± tÃ¬nh,1
lÃª thá»‹,1
kim lan,1
kiá»ƒm Ä‘iá»ƒm,1
trÆ°á»ng há»c,1
Ä‘Ã o táº¡o,1
trÃ² chuyá»‡n,1
sinh.theo,1
mÃ¡t,1
oi,1
Ä‘tcÄ‘,1
Ä‘iá»u hoÃ ,1
Ä‘á»‹nh,1
xÃ¡ch,1
lee,1
dzung,1
xe táº£i,1
loay hoay,1
funny,1
lá»›n tuá»•i,1
chuyÃªn cáº§n,1
tá»± ká»‰,1
kiÃªn trÃ¬,1
la hÃ©t,1
gÃ o,1
khÃ³c,1
cáº£m phá»¥c,1
lam,1
kiá»u,1
hkn,1
xuÃ¢n hÃ ,1
17/5,1
200,1
tÃ u thuyá»n,1
láº§n lÆ°á»£t,1
xuáº¥t,1
sn,1
1992,1
tá»‘i sáº§m,1
sáº¥m chá»›p,1
liÃªn há»“i,1
dÃ´ng,1
lá»‘c,1
áº­p,1
cÃ´ng suáº¥t,1
háº£i lÃ½,1
luá»“ng,1
quÃ©t,1
láº­t,1
nÆ°á»›c biá»ƒn,1
váº­t lá»™n,1
mÅ©i,1
lao,1
ï¿¼,1
ná»•,1
mÃ²,1
kim,1
Ä‘Ã¡y,1
bá»ƒ,1
vá»›t,1
70,1
cáº§n cÃ¢u,1
ngÃ n,1
cÃ¢n treo,1
sá»£i,1
tÃ³c,1
giÃ³ giáº­t,1
xÃ´ Ä‘áº©y,1
cháº¡m,1
máº¡n thuyá»n,1
lai,1
Æ¡n,1
táº­n tÃ¬nh,1
Ä‘áº©y,1
vá»¡,1
vá»¥n,1
huy,1
ngÃ³n,1
gÃ£y,1
báº§m,1
tÃ­m,1
quyáº¿t tÃ¢m,1
láº§n mÃ²,1
vinh thÃ´n,1
lÃ¢m háº£i,1
kiá»‡t sá»©c,1
liá»…u,1
nguyá»…n há»¯u lá»±c,1
tá»•,1
sáºµn sÃ ng,1
xuÃ¢n liÃªn mai,1
ngáº¯n gá»n,1
thiá»‡n cáº£m,1
yÃªn tÃ¢m,1
sáº§u riÃªng,1
ngon,1
mÃºi,1
nhá»©c nhÃ³i,1
khoáº£nh kháº¯c,1
cáº£m nháº­n,1
ná»™ilá»…,1
6h,1
21h,1
háº±ng,1
thá»§ Ä‘Ã´,1
dá»‹p,1
quáº£ng trÆ°á»ng,1
ba Ä‘Ã¬nh,1
háº¡ cá»,1
trang nghiÃªm,1
chÃ o,1
hÃ¡t,1
quá»‘c ca,1
cáº£m xÃºc,1
chÃºc má»«ng,1
130,1
ngÃ y sinh,1
chÃ­ minh,1
19/5/1890,1
19/5/2020,1
lang thang,1
bqlda,1
cÃ´ng trÃ¬nh,1
cáº¥p nÆ°á»›c,1
khá»Ÿi cÃ´ng,1
50km,1
táº­n,1
Ä‘Æ°á»ng á»‘ng,1
"52,66",1
toÃ n bá»™,1
lÆ°u vá»±c,1
4.800,1
ha,1
trÄƒm,1
Ã´ nhiá»…m,1
viá»‡n trÆ°á»Ÿng,1
nghiÃªn cá»©u cáº¥p,1
nhuá»‡,1
b,1
qcvn,1
táº¥t nhiÃªn,1
trá»Ÿ Ä‘i,1
mong Ä‘á»£i,1
há»“i sinh,1
20p,1
Ä‘á»™ng,1
ngÆ°á»i lá»›n,1
bá»‘,1
táº£i,1
bÃ© con,1
dÃ­m,1
18/5/2020,1
Äƒn cá»—,1
lÃª thá»‹ phÆ°á»£ng,1
lo ngáº¡i,1
nÄƒngvá»«a,1
báº­c,1
bá»™ pháº­n,1
tiÃªn tiáº¿n,1
há»™i nháº­p,1
con cÃ¡i,1
phÃ²ng dá»‹ch,1
Ä‘á»©t Ä‘oáº¡n,1
thÃ³i quen,1
thá»¥y,1
ba máº¹,1
ham,1
cÆ¡ báº£n,1
pháº¡m vi,1
Ä‘a sá»‘,1
láº­p nghiá»‡p,1
truyá»n hÃ¬nh,1
phÆ°Æ¡ng thá»©c,1
an tÃ¢m,1
chá»¯ cÃ¡i,1
trÆ¡n,1
lá»±ng khá»±ng,1
khá»•,1
x,1
nguyá»…n thá»‹ tháº£o,1
1/3,1
háº³n,1
quÃªn báºµng,1
chá»¯ viáº¿t,1
ghÃ©p,1
phÃ©p toÃ¡n,1
Ä‘Æ¡n giáº£n,1
kÃ­ch thÃ­ch,1
tráº»áº£nh,1
thÃ nh quáº£,1
má»“ hÃ´i,1
nÃ´ng dÃ¢n,1
cháº¥t phÃ¡c,1
tá»‘t bá»¥ng,1
tá»a,1
hÆ°á»ng,1
chá»£,1
ba bá»ƒ,1
chá»£ ná»•i,1
dá»“n dáº­p,1
kháº¯c nghiá»‡t,1
lá»¥c huy,1
24h,1
3000,1
cÃ¡nh,1
cÃ´ng vÄƒn,1
tuy phÆ°á»›c,1
cáº¯,1
cáº£ng,1
chÃ­nh quyá»n,1
306,1
bÃ¬nh Ä‘á»‹nh kiáº¿n nghá»‹,1
cháº¥n chá»‰nh,1
lÃ m chá»§,1
4.410,1
khÃ¡nh thÃ nh,1
32020,1
30.000,1
cá»­,1
thá»ƒ,1
3.000,1
Ä‘Æ°á»ng táº¯t,1
tam trinh,1
hoÃ ng mai,1
hn,1
Ä‘á»‘i Ä‘áº§u,1
v.ong.ngay,1
wave,1
rÆ°á»¡i,1
17/5/2020,1
vÃ¡y,1
chá»©ng tá»,1
dÃ¡ng,1
ry,1
quá»‘c,1
